пастух информатика |Обеспечение подробных интернет-магазинов| 10.100/417 |Андреев Милован Филиппович| 0.7668206363125696
правый прочее |Обеспечение совместных знаний| 10.100/041 |Куликов Стоян Арсеньевич| 0.1556825165581115
танцевать информатика |Мотивация совместных результатов| 10.100/6821 |Коновалова Раиса Кирилловна| 0.8933880239811491
школьный информатика |Сравнение индивидуальных систем| 10.100/797 |Веселова Регина Вениаминовна| 0.47174868757797805
неожиданно информатика |Распределение концептуальных результатов| 10.100/441 |Адам Анисимович Фомичев| 0.12337436716149908
парень информатика |Революция расширяемых технологий| 10.100/484 |Нестеров Лаврентий Тихонович| 0.1019838689372583
провал информатика |Генерация онлайн и офлайн технологий| 10.100/125 |Ширяев Феофан Харлампьевич| 0.481812386022186
увеличиваться информатика |Шкалирование совместных взаимодействий| 10.100/542 |Андреева Жанна Наумовна| 0.06053209435468765
адвокат прочее |Обеспечение серверных моделей| 10.100/243 |Соловьева Феврония Леонидовна| 0.9007343851130191
волк математика |Реализация современных рынков| 10.100/715 |Рыбаков Осип Аксёнович| 0.20768049865444116
вздрогнуть математика |Формирование беспроводных интернет-продавцоы| 10.100/483 |Кузнецов Харлампий Гордеевич| 0.45164903831642433
сравнение прочее |Эксплуатация наглядных сетей| 10.100/782 |Куликова Александра Макаровна| 0.30591818965033524
отъезд информатика |Максимизация серверных метрик| 10.100/767 |Татьяна Станиславовна Сорокина| 0.46492839514819806
спешить прочее |Мотивация корпоративных платформ| 10.100/812 |Абрамова Ираида Юрьевна| 0.3082973422872719
спалить математика |Трансформация притягательных ниш| 10.100/753 |Данилов Захар Глебович| 0.013107143135675736
появление прочее |Производство сетевых решений| 10.100/7063 |Селиван Бориславович Кириллов| 0.7685484125772826
слишком прочее |Включение мультимедийных результатов| 10.100/421 |Ия Ефимовна Герасимова| 0.45593767291458276
факультет математика |Координация корпоративных методик| 10.100/863 |Миронова Кира Васильевна| 0.7973449431308324
смеяться математика |Перезагрузка безотказных порталов| 10.100/274 |Фомичев Давыд Феодосьевич| 0.1922838023709812
выражение прочее |Включение соблазнительных архитектур| 10.100/501 |Демьян Тарасович Мамонтов| 0.8865499452331775
единый математика |Эксплуатация революционных интерфейсов| 10.100/1992 |Нестерова Нинель Олеговна| 0.44573070622919087
оборот информатика |Охват распространенных пользователей| 10.100/792 |Изяслав Федосьевич Соболев| 0.6497805536507767
рабочий прочее |Сравнение расширяемых интерфейсов| 10.100/1749 |Октябрина Кузьминична Голубева| 0.6339258514060617
потянуться математика |Синтез богатых сообществ| 10.100/302 |Пантелеймон Филимонович Егоров| 0.27274913016911273
висеть информатика |Эксплуатация инновационных сетей| 10.100/3748 |Демьян Ерофеевич Кабанов| 0.12253655115433659
мягкий информатика |Оптимизация престижных партнерств| 10.100/7619 |Наина Игоревна Журавлева| 0.3012258291570453
интеллектуальный прочее |Внедрение современных пользователей| 10.100/606 |Марфа Викторовна Филиппова| 0.654055536142445
наслаждение информатика |Продление мультимедийных приложений| 10.100/095 |Руслан Фадеевич Моисеев| 0.009144791848189171
около информатика |Интеграция совместных результатов| 10.100/974 |Осипов Карп Фёдорович| 0.15595738561013084
райком математика |Координация веб-ориентированных интернет-продавцоы| 10.100/647 |Баранова Александра Даниловна| 0.5407765704154596
пасть прочее |Обеспечение B2B функций| 10.100/434 |Трофим Валентинович Тарасов| 0.6228075704841347
радость прочее |Переход подробных порталов| 10.100/000 |Анастасия Алексеевна Шестакова| 0.13951248127627214
прежде информатика |Освоение подробных диапазонов| 10.100/551 |Глафира Романовна Ефимова| 0.18276417616977525
спорт математика |Преображение прибыльных знаний| 10.100/377 |Гаврилова Полина Анатольевна| 0.2502386332049279
голубчик математика |Эксплуатация кроссплатформенных интернет-магазинов| 10.100/922 |Сергей Ильясович Князев| 0.09231383229523638
назначить математика |Визуализация современных каналов| 10.100/476 |Кондратьев Карп Вилорович| 0.5460037609141627
прощение математика |Революция круглогодичных методик| 10.100/534 |Октябрина Юльевна Ларионова| 0.28993655593524426
зарплата информатика |Генерация критически важных интернет-компаний| 10.100/831 |Оксана Леоновна Соколова| 0.5346074685480324
а прочее |Развитие прибыльных действий| 10.100/853 |Смирнов Гостомысл Измаилович| 0.471971441134282
поезд математика |Шкалирование серверных платформ| 10.100/223 |Ферапонт Витальевич Гурьев| 0.8994752910888876
вообще математика |Производство сетевых отношений| 10.100/517 |Агафон Яковлевич Фадеев| 0.48495154458765666
налоговый математика |Революция критически важных парадигм| 10.100/6917 |Елизавета Владиславовна Наумова| 0.822255233113999
построить математика |Трансформация распространенных рынков| 10.100/849 |Доронина Вероника Мироновна| 0.1301193702420882
каюта прочее |Интеграция ориентированных на пользователя приложений| 10.100/559 |Елена Вячеславовна Андреева| 0.810032983512037
пропадать прочее |Перезагрузка активных порталов| 10.100/399 |Агафонова Дарья Даниловна| 0.34119633141344907
дошлый информатика |Эксплуатация наглядных партнерств| 10.100/3817 |Анастасия Григорьевна Ефимова| 0.16964951648939208
ягода прочее |Синтез подробных аудиторий| 10.100/4559 |Лобанова Нинель Геннадьевна| 0.4141165028442094
сопровождаться математика |Шкалирование цельных интернет-услуг| 10.100/987 |Фролова Маргарита Борисовна| 0.616772885479038
столетие прочее |Эксплуатация серверных интерфейсов| 10.100/7514 |Анжела Аскольдовна Киселева| 0.9600651726314884
миф прочее |Модернизация стратегических систем| 10.100/633 |Вадим Исидорович Виноградов| 0.32092822806000454
сынок математика |Внедрение динамичных схем| 10.100/0773 |Варфоломей Егорович Соболев| 0.17366285145291227
порт информатика |Культивация беспроводных интернет-компаний| 10.100/204 |Исидор Адамович Костин| 0.6536808059452529
экзамен прочее |Приспособление глобальных инициатив| 10.100/193 |Наум Викентьевич Горбунов| 0.054123469725923745
посидеть информатика |Внедрение интерактивных ниш| 10.100/322 |Сысоева Алла Борисовна| 0.3266696826396973
расстегнуть информатика |Максимизация эффективных пользователей| 10.100/596 |Белоусова Феврония Дмитриевна| 0.15032325146596326
возможно информатика |Синтез передовых парадигм| 10.100/091 |Мамонтов Амвросий Феодосьевич| 0.5237834182897433
ложиться математика |Революция распространенных систем| 10.100/220 |Гущина Александра Анатольевна| 0.8500754335263652
второй математика |Переосмысление подробных диапазонов| 10.100/260 |г-н Киселев Анисим Антипович| 0.4422391547669705
степь прочее |Перепрофилирование вертикальных результатов| 10.100/053 |Рожкова Жанна Аркадьевна| 0.1437498035219903
девка прочее |Управление лучших в своём роде архитектур| 10.100/441 |Власов Радован Эдуардович| 0.5961263322987939
что математика |Переход серверных результатов| 10.100/984 |Валерия Александровна Сидорова| 0.4593336695404212
при прочее |Приспособление действенных функций| 10.100/669 |Гордеев Моисей Иосифович| 0.6396168743104096
лапа информатика |Итерация интегрированных моделей| 10.100/791 |Зайцева Ия Геннадьевна| 0.5614905965140168
покидать информатика |Синтез притягательных систем снабжения| 10.100/6570 |Валентина Вениаминовна Лапина| 0.05660668054010998
ставить прочее |Увеличение заказных инфраструктур| 10.100/710 |Костина Александра Валериевна| 0.24104492794128185
разнообразный прочее |Переосмысление совместных интернет-компаний| 10.100/501 |Беляков Ираклий Данилович| 0.4154711939857886
бегать информатика |Революция целостных веб-сервисов| 10.100/1829 |Анисимова Ирина Альбертовна| 0.7096558877150076
помимо информатика |Координация современных ниш| 10.100/242 |Давыдова Таисия Яковлевна| 0.8313660612143289
неожиданно математика |Визуализация серверных технологий| 10.100/079 |Самойлова Евпраксия Федоровна| 0.9388142242345414
команда математика |Эксплуатация популярных сообществ| 10.100/790 |Евдоким Игнатьевич Горшков| 0.5305611020713705
одиннадцать прочее |Революция надежных интернет-услуг| 10.100/313 |Кузнецова Ираида Антоновна| 0.9438926476909136
выраженный информатика |Охват ультрасовременных аудиторий| 10.100/510 |Модест Ефремович Нестеров| 0.31579653259695606
рис информатика |Разворачивание круглогодичных архитектур| 10.100/290 |Пелагея Сергеевна Воронова| 0.8330359094830887
написать математика |Обеспечение активных областей интереса| 10.100/835 |Аполлон Марсович Михеев| 0.8864357769646887
сомнительный информатика |Модернизация онлайн и офлайн взаимодействий| 10.100/9239 |Евгения Вениаминовна Дьячкова| 0.011503769955679255
задрать математика |Инновация действенных ниш| 10.100/232 |Красильникова Алина Захаровна| 0.28475361448394143
развитый информатика |Приспособление распространенных партнерств| 10.100/176 |Коновалов Радим Гурьевич| 0.01925693964647812
сынок математика |Революция целостных рынков| 10.100/7592 |Кузьмина Марфа Павловна| 0.5262575401503128
что информатика |Конструирование современных инфопосредников| 10.100/773 |Белозерова Евпраксия Эльдаровна| 0.6575131156054956
фонарик информатика |Переосмысление динамичных схем| 10.100/509 |Прасковья Валериевна Давыдова| 0.8730630390251082
радость информатика |Оцифровка совместных инфопосредников| 10.100/335 |Колесникова Иванна Руслановна| 0.38169090461322597
низкий прочее |Шкалирование беспроводных ниш| 10.100/409 |Назаров Валерий Бориславович| 0.764794221803719
куча прочее |Переосмысление онлайн и офлайн сообществ| 10.100/209 |тов. Авдеев Ефим Артемьевич| 0.46491977240557525
дорогой прочее |Максимизация популярных результатов| 10.100/124 |Милан Герасимович Силин| 0.9578776211450556
картинка прочее |Охват эффективных интернет-компаний| 10.100/6645 |Фомина Эмилия Даниловна| 0.5916326023506184
научить информатика |Производство наглядных метрик| 10.100/5116 |Медведева Алла Феликсовна| 0.2113745089523119
пропадать прочее |Увеличение серверных сообществ| 10.100/010 |Рожков Антонин Харитонович| 0.33586656073469157
обида информатика |Приспособление мультимедийных пользователей| 10.100/521 |Амос Игнатович Фомичев| 0.28125272346536845
картинка математика |Включение прозрачных инфраструктур| 10.100/243 |г-жа Одинцова Евпраксия Робертовна| 0.14740964980027094
вывести информатика |Сравнение безотказных решений| 10.100/340 |Богдан Иосипович Исаев| 0.2177944921562205
салон информатика |Перезагрузка популярных рынков| 10.100/299 |Терентий Эдуардович Хохлов| 0.43882984812754844
торопливый математика |Трансформация распространенных архитектур| 10.100/095 |Лапина Галина Филипповна| 0.335882617857556
мимо информатика |Адаптация совместных методик| 10.100/356 |Турова Евпраксия Вадимовна| 0.5590000536265374
исследование прочее |Эксплуатация цельных результатов| 10.100/511 |Таисия Тимуровна Шубина| 0.3920713424247332
командование математика |Преображение B2B отношений| 10.100/982 |Анатолий Чеславович Коновалов| 0.860769347862122
природа математика |Синхронизация кроссплатформенных платформ| 10.100/840 |Белякова Любовь Даниловна| 0.3107722427595986
деньги математика |Переопределение критически важных интерфейсов| 10.100/8227 |Бурова Анна Кирилловна| 0.5359303804993016
зеленый прочее |Переосмысление круглогодичных метрик| 10.100/065 |Буров Петр Вилорович| 0.25561708164977726
приличный математика |Освоение богатых инициатив| 10.100/376 |Юлиан Феоктистович Горшков| 0.3431899175963363
народ математика |Обеспечение круглосуточных приложений| 10.100/006 |Полина Николаевна Прохорова| 0.9141727342642627
